<?xml version='1.0' encoding='utf-8' standalone='yes' ?>
<map>
    <string name="conversation_style_attach">3</string>
    <boolean name="h_vs_s" value="false" />
    <int name="ModChaSendBKColor" value="-525064" />
    <int name="quoted_text_picker" value="-16777216" />
    <boolean name="disable_hiddenchat_access" value="false" />
    <boolean name="my_statusd" value="true" />
    <boolean name="imsHideVStatus" value="false" />
    <int name="CardStori_GC" value="-1" />
    <boolean name="RcBkTabs_Gactive" value="false" />
    <boolean name="ModContactNameColor_Gactive" value="false" />
    <boolean name="HazarGorulmeyenHikaye_Gactive" value="false" />
    <boolean name="date_bubble_color_picker_Gactive" value="false" />
    <int name="AeroMenuArkaplan" value="-1" />
    <int name="rcCard2_GC" value="-1" />
    <boolean name="ItemText_Gactive" value="false" />
    <boolean name="hide_Conv_groupcall_btn" value="false" />
    <int name="AeroMenuKategori" value="-16777216" />
    <int name="AeroMenuMetin" value="-16777216" />
    <boolean name="Conv_call_btn" value="false" />
    <boolean name="ModFabTextColor_Gactive" value="false" />
    <boolean name="RcSeenColor_Gactive" value="false" />
    <boolean name="Hide_div" value="true" />
    <boolean name="TextSearch_Gactive" value="false" />
    <int name="aero_isim_rengi" value="-1" />
    <boolean name="dial_bg_Gactive" value="false" />
    <string name="hazar_bozkurt_hikaye_fix">0</string>
    <boolean name="HomeBarText_Gactive" value="false" />
    <int name="rcCard1" value="16371930" />
    <string name="AeroAyricaliklariTasarim">0</string>
    <int name="rcCard2" value="16371930" />
    <int name="rcCard3" value="16371930" />
    <int name="rcAttachIcon" value="-16777216" />
    <int name="AerosayiRenk" value="-1" />
    <boolean name="dial_text_Gactive" value="false" />
    <boolean name="onlinechat" value="false" />
    <boolean name="enable_fivminstatus" value="false" />
    <int name="AeroDaireUc" value="-16777216" />
    <string name="convostyle">0</string>
    <boolean name="ModFabBgColor_Gactive" value="false" />
    <int name="quoted_bg_picker_GCDir" value="2" />
    <int name="HomeCounterBK" value="-1" />
    <int name="ModChatBubbleTextLeft" value="-16777216" />
    <int name="ModChatColor_GC" value="-1" />
    <int name="quoted_divider_picker" value="-1" />
    <boolean name="chat_contactpicV2" value="false" />
    <int name="ItemIcon" value="-1" />
    <boolean name="chats_row_divider_picker_Gactive" value="false" />
    <int name="RcSeenColor" value="-686965" />
    <int name="ModFabTextColor" value="-16777216" />
    <int name="rcEmojiColor" value="-7741969" />
    <boolean name="ModConTextColor_Gactive" value="false" />
    <boolean name="group_mypicV2" value="false" />
    <int name="ModConBackColor" value="-1" />
    <boolean name="RCtabBg_Gactive" value="false" />
    <int name="iOSSohbetlerRengi" value="-1" />
    <boolean name="error_Gactive" value="false" />
    <boolean name="yo_hideinfo" value="false" />
    <boolean name="ItemIcon_Gactive" value="false" />
    <boolean name="Hide_contact_picker_section_recent_chats" value="false" />
    <int name="AktifTab" value="-1" />
    <int name="HomeCounterText" value="-16777216" />
    <int name="RcUnSeenColor" value="-5259284" />
    <int name="BgSearch" value="-15130591" />
    <boolean name="AeroDaireBir_Gactive" value="false" />
    <boolean name="tabadgeBKColor_Gactive" value="false" />
    <int name="ModFabBgColor" value="16777215" />
    <boolean name="aero_son_rengi_Gactive" value="false" />
    <int name="AeroDaireiki" value="-10313527" />
    <int name="ModChatBubbleHyperlinks" value="-15703060" />
    <boolean name="sekmeleri_gizle" value="false" />
    <boolean name="AeroMenuArkaplan_Gactive" value="false" />
    <boolean name="AerosayiRenk_Gactive" value="false" />
    <boolean name="rcCard1_Gactive" value="false" />
    <int name="ModlastseenColor" value="-1" />
    <int name="RCtabBg_GC" value="-1" />
    <boolean name="Hide_contact_picker_section_frequent_chats" value="false" />
    <int name="RcBkTabs_GC" value="-1" />
    <int name="ModDarkConPickColorNav" value="-15465420" />
    <boolean name="rcname_color_sub_Gactive" value="false" />
    <int name="aeroHazarBarRenk" value="-1" />
    <int name="BGColor" value="16770816" />
    <boolean name="rcMicColor_Gactive" value="false" />
    <int name="rcCard1_GC" value="-1" />
    <boolean name="TabIcon_Gactive" value="false" />
    <string name="font">Bauhaus</string>
    <int name="quoted_bg_picker" value="-1728053249" />
    <boolean name="pagetitle_picker_Gactive" value="false" />
    <boolean name="statuschat" value="true" />
    <int name="AerosohbetlerRenk" value="-1" />
    <int name="NonAktifTab" value="-1" />
    <int name="rcCard2_GCDir" value="2" />
    <boolean name="quoted_divider_picker_Gactive" value="false" />
    <int name="RCtabBg_GCDir" value="1" />
    <boolean name="ModChaSendColor_Gactive" value="false" />
    <int name="ModChatEmojiColor" value="-15465420" />
    <boolean name="rcAttachBk_Gactive" value="false" />
    <int name="ModChaSendColor" value="-15465420" />
    <int name="pagetitle_sel_picker" value="-1" />
    <boolean name="ModDarkConPickColorNav_Gactive" value="false" />
    <int name="ModChatColor" value="-15465420" />
    <boolean name="rcCard3_Gactive" value="false" />
    <boolean name="AeroMenuikonlar_Gactive" value="false" />
    <int name="tabadgeBKColor" value="-1" />
    <boolean name="emojipopup_header_Gactive" value="false" />
    <boolean name="HomeCounterBK_Gactive" value="false" />
    <boolean name="home_imgBK" value="true" />
    <string name="yo_nicons">0</string>
    <boolean name="DrawerText_Gactive" value="false" />
    <int name="ModConBackColor_GC" value="-1" />
    <boolean name="quoted_name_picker_Gactive" value="false" />
    <string name="aero_hazar_elegantmod">0</string>
    <boolean name="custom_wall_profilepic" value="false" />
    <string name="hazar_bozkurt_aero_hizlikisiler">0</string>
    <boolean name="mention_color_chat_picker_Gactive" value="false" />
    <int name="iOSGrupYayinRenk" value="-1" />
    <int name="rcCard3_GC" value="-1" />
    <boolean name="AktifTab_Gactive" value="false" />
    <boolean name="date_right_color_Gactive" value="false" />
    <int name="tabadgeTextColor" value="-16777216" />
    <string name="ConvoEntry">17</string>
    <int name="ModConColor" value="-15465420" />
    <boolean name="chats_show_contact_online_toast_check" value="false" />
    <string name="tick_style">aerotik90</string>
    <boolean name="aero_hazar_anaekran_duzelt" value="false" />
    <int name="ModConPickColor_GC" value="-1" />
    <int name="HomeIcon" value="-1" />
    <boolean name="hide_fab" value="true" />
    <boolean name="ModChatGStatusT_Gactive" value="false" />
    <boolean name="RcUnSeenColor_Gactive" value="false" />
    <int name="tabindicator" value="-1" />
    <int name="ModConBackColor_GCDir" value="1" />
    <boolean name="ModChatTextColor_Gactive" value="false" />
    <boolean name="imsHideMStatus" value="false" />
    <int name="RcBkTabs" value="-15465420" />
    <int name="RcBkTabs_GCDir" value="0" />
    <boolean name="my_name" value="false" />
    <int name="AeroMenuisim" value="-16777216" />
    <int name="BGColor_GC" value="-1846863" />
    <boolean name="TxtSelect" value="true" />
    <int name="pagetitle_picker" value="-16777216" />
    <int name="rcname_color_sub" value="-1" />
    <int name="ModChatDarkColor" value="-15465420" />
    <int name="rcCard1_GCDir" value="2" />
    <boolean name="AerosohbetlerRenk_Gactive" value="false" />
    <int name="emojipopup_header_GC" value="-1" />
    <boolean name="hide_action_a" value="false" />
    <boolean name="rc_Txunseen_Gactive" value="false" />
    <boolean name="hide_action_b" value="false" />
    <boolean name="ModFabPressedColor_Gactive" value="false" />
    <int name="mention_color_chats_picker" value="-11941759" />
    <boolean name="quoted_text_picker_Gactive" value="false" />
    <string name="hazar_bozkurt_arama_fix">0</string>
    <string name="home">34</string>
    <boolean name="RcTargetColor_Gactive" value="false" />
    <boolean name="ModConPickColor_Gactive" value="false" />
    <string name="HomeEntry">aeroprime2</string>
    <string name="aero_pro_stil_fix">0</string>
    <boolean name="statuses_bar_text_picker_Gactive" value="false" />
    <boolean name="CardStori_Gactive" value="false" />
    <int name="date_divider_color_picker" value="-10313527" />
    <int name="main_text" value="17" />
    <boolean name="ModChatRightBubble_Gactive" value="false" />
    <boolean name="ModConColor_Gactive" value="false" />
    <boolean name="rcEmojiColor_Gactive" value="false" />
    <int name="text_size_pick" value="17" />
    <boolean name="iOS_SatirRengi_Gactive" value="false" />
    <int name="ModChatBubbleText" value="-16777216" />
    <int name="AeroMenuikonlar" value="-16777216" />
    <int name="rvkdmsg_icon_color" value="-15510334" />
    <string name="aero_hazar_hikaye_ekrani">0</string>
    <boolean name="ModChatGStatusB_Gactive" value="false" />
    <int name="key_chat_iconback_picker" value="-1" />
    <boolean name="rc_Bkunseen_Gactive" value="false" />
    <int name="ItemText" value="-4934219" />
    <int name="AeroDaireBir" value="-1859931" />
    <boolean name="aeroHazarBarRenk_Gactive" value="false" />
    <int name="emojipopup_icons" value="-1" />
    <int name="TextSearch" value="-1" />
    <boolean name="quoted_bg_picker_Gactive" value="false" />
    <int name="chats_row_divider_picker" value="-15465420" />
    <boolean name="iOSSohbetlerRengi_Gactive" value="false" />
    <int name="ModFabNormalColor" value="-1" />
    <boolean name="hide_action_l" value="false" />
    <int name="ModContactNameColor" value="-1" />
    <boolean name="hide_action_m" value="false" />
    <boolean name="Audio_sensor" value="true" />
    <int name="TabIcon" value="-16777216" />
    <boolean name="mention_color_chats_picker_Gactive" value="false" />
    <boolean name="rcAttachIcon_Gactive" value="false" />
    <boolean name="BkItem_Gactive" value="false" />
    <boolean name="h_mvs_s" value="false" />
    <boolean name="tabadgeTextColor_Gactive" value="false" />
    <boolean name="AeroMenuisim_Gactive" value="false" />
    <boolean name="RcStatusTitle_Gactive" value="false" />
    <boolean name="NonAktifTab_Gactive" value="false" />
    <boolean name="BGColor_Gactive" value="false" />
    <int name="rcname_color" value="-1" />
    <int name="RcTextTab" value="-1" />
    <int name="RcStatusTitle" value="-1" />
    <int name="ModConDarkColor" value="-15465420" />
    <int name="RcsetTarg" value="16777215" />
    <int name="date_right_color" value="-16777216" />
    <int name="emojipopup_body" value="-15465420" />
    <boolean name="emojipopup_body_Gactive" value="false" />
    <boolean name="NameProf" value="false" />
    <boolean name="ModChatEmojiColor_Gactive" value="false" />
    <boolean name="ModChatBtnColor_Gactive" value="false" />
    <int name="ModChatRightBubble" value="-1728053249" />
    <int name="rcCard3_GCDir" value="2" />
    <int name="emojipopup_header_GCDir" value="1" />
    <int name="ModChatLeftBubble" value="-1728053249" />
    <boolean name="ModChaSendBKColor_Gactive" value="false" />
    <boolean name="AeroDaireUc_Gactive" value="false" />
    <boolean name="start_bl" value="false" />
    <boolean name="pagetitle_sel_picker_Gactive" value="false" />
    <int name="quoted_bg_picker_GC" value="-1" />
    <boolean name="yo_want_airplanemode" value="true" />
    <int name="error_GC" value="-1" />
    <int name="ModDarkConPickColor" value="-15465420" />
    <boolean name="Archv_chats" value="false" />
    <boolean name="BgSearch_Gactive" value="false" />
    <boolean name="RcsetTarg_Gactive" value="false" />
    <boolean name="chat_mypicV2" value="false" />
    <int name="ModConTextColor" value="-1" />
    <int name="iOS_SatirRengi" value="-1" />
    <int name="aero_son_rengi" value="-1" />
    <int name="ModFabNormalColor_GC" value="-1" />
    <boolean name="ModOnlineColor_Gactive" value="false" />
    <boolean name="date_divider_color_picker_Gactive" value="false" />
    <boolean name="PicProf" value="false" />
    <int name="BGColor_GCDir" value="3" />
    <int name="rcAddColor" value="-1" />
    <int name="rc_Bkunseen" value="-16777216" />
    <boolean name="btn_voice_color_chat_picker_Gactive" value="false" />
    <int name="ModFabNormalColor_GCDir" value="1" />
    <int name="ModConPickColor_GCDir" value="1" />
    <string name="bubble_style">altcr</string>
    <boolean name="ModChatColor_Gactive" value="false" />
    <boolean name="rcAttachTx_Gactive" value="false" />
    <int name="HazarGorulmeyenHikaye" value="-16777216" />
    <int name="mention_color_chat_picker" value="-15510334" />
    <int name="ModChatBtnColor" value="-15465420" />
    <boolean name="AeroMenuKategori_Gactive" value="false" />
    <boolean name="ModChatLeftBubble_Gactive" value="false" />
    <boolean name="AeroMenuMetin_Gactive" value="false" />
    <int name="ModChatColor_GCDir" value="1" />
    <string name="pic_startlocation">1</string>
    <boolean name="h_ms_s" value="false" />
    <boolean name="AttBt" value="false" />
    <boolean name="pic_inside" value="false" />
    <boolean name="rcname_color_Gactive" value="false" />
    <boolean name="HomeCounterText_Gactive" value="false" />
    <boolean name="RcTextTab_Gactive" value="false" />
    <int name="date_left_color" value="-16777216" />
    <boolean name="ModDarkConPickColor_Gactive" value="false" />
    <boolean name="ModChatBubbleText_Gactive" value="false" />
    <int name="rcMicColor" value="-1" />
    <int name="date_bubble_color_picker" value="16777215" />
    <int name="seekbar_color_chat_picker" value="-16777216" />
    <int name="ModFabPressedColor" value="-1" />
    <int name="RCtabBg" value="-15130591" />
    <int name="statuses_bar_bg_picker" value="-15465420" />
    <boolean name="emojipopup_icons_Gactive" value="false" />
    <int name="emojipopup_header" value="-15465420" />
    <int name="ModChatGStatusB" value="-525064" />
    <int name="quoted_name_picker" value="-10313527" />
    <int name="HomeBarText" value="-1" />
    <int name="dial_text" value="-1" />
    <boolean name="imsHideRStatus" value="false" />
    <int name="ModChatGStatusT" value="-1" />
    <int name="rcAttachBk" value="-6400" />
    <boolean name="rcAddColor_Gactive" value="false" />
    <boolean name="log_show_name_check" value="true" />
    <boolean name="tabindicator_Gactive" value="false" />
    <int name="RcsetBg" value="-15130591" />
    <int name="statuses_bar_text_picker" value="-1" />
    <boolean name="Hide_contact_picker_section_other_contacts" value="false" />
    <boolean name="rcCard2_Gactive" value="false" />
    <int name="row_resizer" value="182" />
    <int name="error_GCDir" value="1" />
    <boolean name="seekbar_color_chat_picker_Gactive" value="false" />
    <boolean name="enable_ig_stories" value="true" />
    <int name="ModConPickColor" value="-15465420" />
    <int name="HazarGorulenHikaye" value="-10313527" />
    <boolean name="AeroDaireiki_Gactive" value="false" />
    <boolean name="enable_old" value="false" />
    <int name="BkItem" value="16777215" />
    <int name="CardStori" value="-15130591" />
    <boolean name="Aero_AramaSimgesiGizle" value="false" />
    <int name="CardStori_GCDir" value="1" />
    <int name="DrawerText" value="-1" />
    <boolean name="date_left_color_Gactive" value="false" />
    <boolean name="rvkdmsg_icon_color_Gactive" value="false" />
    <int name="ModConColor_GCDir" value="2" />
    <int name="error" value="-15130591" />
    <boolean name="ModConBackColor_Gactive" value="false" />
    <int name="dial_bg" value="-15130591" />
    <int name="pic_chat_size_pickerV2" value="40" />
    <boolean name="RcsetBg_Gactive" value="false" />
    <boolean name="custom_wall" value="false" />
    <boolean name="ModChatBubbleTextLeft_Gactive" value="false" />
    <boolean name="aero_isim_rengi_Gactive" value="false" />
    <boolean name="ModChatEntry_Gactive" value="false" />
    <boolean name="elapsed_time" value="false" />
    <int name="rcAttachTx" value="-16777216" />
    <int name="btn_voice_color_chat_picker" value="-1764846" />
    <int name="rc_Txunseen" value="-1" />
    <boolean name="HomeIcon_Gactive" value="false" />
    <boolean name="ModlastseenColor_Gactive" value="false" />
    <boolean name="ModFabNormalColor_Gactive" value="false" />
    <int name="participant_name_color_picker" value="-15510334" />
    <boolean name="key_chat_iconback_picker_Gactive" value="false" />
    <int name="ModChatEntry" value="-525064" />
    <boolean name="Audio_ears" value="false" />
    <string name="hazar_aero_giris_stilleri">4</string>
    <boolean name="UstMetinleriGizle" value="false" />
    <int name="square_photo_ratio_picker" value="100" />
    <boolean name="statuses_bar_bg_picker_Gactive" value="false" />
    <int name="ModChatTextColor" value="-16777216" />
    <boolean name="iOSGrupYayinRenk_Gactive" value="false" />
    <boolean name="group_participants_picV2" value="true" />
    <boolean name="participant_name_color_picker_Gactive" value="false" />
    <boolean name="ModChatBubbleHyperlinks_Gactive" value="false" />
    <int name="BadgePozisyonu" value="52" />
    <boolean name="HazarGorulenHikaye_Gactive" value="false" />
    <int name="ModConColor_GC" value="-1" />
    <int name="ModOnlineColor" value="-1" />
</map>