<?xml version='1.0' encoding='utf-8' standalone='yes' ?>
<map>
    <boolean name="ModConPickColor_Gactive" value="false" />
    <int name="ModConPickColor" value="-65536" />
    <boolean name="HomeBarText_Gactive" value="false" />
    <int name="HomeBarText" value="-1" />
    <boolean name="home_imgBK" value="false" />
    <int name="ModConBackColor" value="-16777216" />
    <int name="ModChatColor" value="-65536" />
    <int name="ModConColor" value="-65536" />
    <boolean name="ModChatColor_Gactive" value="false" />
    <boolean name="ModConBackColor_Gactive" value="false" />
    <boolean name="ModConColor_Gactive" value="false" />
</map>